Nombre,Teléfono
Andrea Ortiz,555-4820
Alejandro Gómez,555-2288
Rodrigo Torres,555-8456
Diego Ramírez,555-2406
Valeria Ortiz,555-7380
Diego Silva,555-5058
Andrea Ortiz,555-7386
Valeria Mendoza,555-1124
Emilio Ortiz,555-4832
Alejandro Ortiz,555-1638
Emilio Ortiz,555-4584
Emilio Hernández,555-9021
Javier Ramírez,555-8121
Ximena Ramírez,555-8656
Rodrigo Torres,555-3998
Alejandro Ortiz,555-7879
Sofía Vargas,555-7436
Emilio Mendoza,555-9790
Emilio Vargas,555-8700
Javier Díaz,555-4146
Alejandro Ortiz,555-2695
Fernanda Cruz,555-9735
Alejandro Torres,555-5332
Rodrigo Mendoza,555-5825
Rodrigo Mendoza,555-2364
Fernanda Díaz,555-7624
Andrea Ortiz,555-7091
Emilio Hernández,555-3749
Javier Hernández,555-7203
Valeria Hernández,555-7602
Andrea Silva,555-8972
Sofía Torres,555-7438
Valeria Cruz,555-1913
Fernanda Torres,555-7684
Sofía Torres,555-8711
Fernanda Ortiz,555-9638
Alejandro Díaz,555-7775
Ximena Ramírez,555-7400
Rodrigo Mendoza,555-3549
Valeria Gómez,555-6751
Fernanda Ortiz,555-5407
Javier Ortiz,555-4607
Alejandro Hernández,555-1336
Javier Ramírez,555-7301
Ximena Cruz,555-7386
Rodrigo Ortiz,555-6518
Valeria Mendoza,555-4150
Sofía Torres,555-9883
Andrea Vargas,555-9114
Andrea Gómez,555-3429
